method,accuracy,macro_f1,label,precision,recall,f1,support,sample_count,macro_labels,insufficiency_score_name,insufficiency_auroc,insufficiency_auprc,insufficiency_best_f1,conflict_score_name,conflict_auroc,conflict_auprc,conflict_best_f1
ds,0.35,0.321153,supported,0.0,0.0,0.0,20,80,supported|refuted|insufficient|conflicting,m_theta,0.558333,0.281031,0.426966,k_doc,0.730833,0.458096,0.571429
ds,0.35,0.321153,refuted,0.818182,0.45,0.580645,20,80,supported|refuted|insufficient|conflicting,m_theta,0.558333,0.281031,0.426966,k_doc,0.730833,0.458096,0.571429
ds,0.35,0.321153,insufficient,0.25,0.65,0.361111,20,80,supported|refuted|insufficient|conflicting,m_theta,0.558333,0.281031,0.426966,k_doc,0.730833,0.458096,0.571429
ds,0.35,0.321153,conflicting,0.4,0.3,0.342857,20,80,supported|refuted|insufficient|conflicting,m_theta,0.558333,0.281031,0.426966,k_doc,0.730833,0.458096,0.571429
ds,0.35,0.321153,undetermined,0.0,0.0,0.0,0,80,supported|refuted|insufficient|conflicting,m_theta,0.558333,0.281031,0.426966,k_doc,0.730833,0.458096,0.571429
weighted_average,0.35,0.264015,supported,0.5,0.05,0.090909,20,80,supported|refuted|insufficient|conflicting,weighted_average.score_unknown,0.555833,0.27933,0.426966,weighted_average.support_refute_closeness,0.687083,0.461461,0.52381
weighted_average,0.35,0.264015,refuted,0.8,0.4,0.533333,20,80,supported|refuted|insufficient|conflicting,weighted_average.score_unknown,0.555833,0.27933,0.426966,weighted_average.support_refute_closeness,0.687083,0.461461,0.52381
weighted_average,0.35,0.264015,insufficient,0.279412,0.95,0.431818,20,80,supported|refuted|insufficient|conflicting,weighted_average.score_unknown,0.555833,0.27933,0.426966,weighted_average.support_refute_closeness,0.687083,0.461461,0.52381
weighted_average,0.35,0.264015,conflicting,0.0,0.0,0.0,20,80,supported|refuted|insufficient|conflicting,weighted_average.score_unknown,0.555833,0.27933,0.426966,weighted_average.support_refute_closeness,0.687083,0.461461,0.52381
weighted_average,0.35,0.264015,undetermined,0.0,0.0,0.0,0,80,supported|refuted|insufficient|conflicting,weighted_average.score_unknown,0.555833,0.27933,0.426966,weighted_average.support_refute_closeness,0.687083,0.461461,0.52381
majority_vote,0.35,0.24858,supported,0.0,0.0,0.0,20,80,supported|refuted|insufficient|conflicting,majority_vote.score_unknown,0.560833,0.28075,0.436782,majority_vote.support_refute_closeness,0.41375,0.224175,0.43956
majority_vote,0.35,0.24858,refuted,0.75,0.45,0.5625,20,80,supported|refuted|insufficient|conflicting,majority_vote.score_unknown,0.560833,0.28075,0.436782,majority_vote.support_refute_closeness,0.41375,0.224175,0.43956
majority_vote,0.35,0.24858,insufficient,0.279412,0.95,0.431818,20,80,supported|refuted|insufficient|conflicting,majority_vote.score_unknown,0.560833,0.28075,0.436782,majority_vote.support_refute_closeness,0.41375,0.224175,0.43956
majority_vote,0.35,0.24858,conflicting,0.0,0.0,0.0,20,80,supported|refuted|insufficient|conflicting,majority_vote.score_unknown,0.560833,0.28075,0.436782,majority_vote.support_refute_closeness,0.41375,0.224175,0.43956
majority_vote,0.35,0.24858,undetermined,0.0,0.0,0.0,0,80,supported|refuted|insufficient|conflicting,majority_vote.score_unknown,0.560833,0.28075,0.436782,majority_vote.support_refute_closeness,0.41375,0.224175,0.43956
single_evaluator,0.35,0.264015,supported,0.5,0.05,0.090909,20,80,supported|refuted|insufficient|conflicting,single_evaluator.score_unknown,0.555833,0.27933,0.426966,single_evaluator.support_refute_closeness,0.687083,0.461461,0.52381
single_evaluator,0.35,0.264015,refuted,0.8,0.4,0.533333,20,80,supported|refuted|insufficient|conflicting,single_evaluator.score_unknown,0.555833,0.27933,0.426966,single_evaluator.support_refute_closeness,0.687083,0.461461,0.52381
single_evaluator,0.35,0.264015,insufficient,0.279412,0.95,0.431818,20,80,supported|refuted|insufficient|conflicting,single_evaluator.score_unknown,0.555833,0.27933,0.426966,single_evaluator.support_refute_closeness,0.687083,0.461461,0.52381
single_evaluator,0.35,0.264015,conflicting,0.0,0.0,0.0,20,80,supported|refuted|insufficient|conflicting,single_evaluator.score_unknown,0.555833,0.27933,0.426966,single_evaluator.support_refute_closeness,0.687083,0.461461,0.52381
single_evaluator,0.35,0.264015,undetermined,0.0,0.0,0.0,0,80,supported|refuted|insufficient|conflicting,single_evaluator.score_unknown,0.555833,0.27933,0.426966,single_evaluator.support_refute_closeness,0.687083,0.461461,0.52381
