setting,mean_reliability,accuracy,macro_f1,macro_f1_delta,mean_m_theta,mean_k_doc,is_oracle,sample_count
uniform_1.00,1.0,0.3625,0.333255,0.0,0.442417,0.049515,False,80
uniform_0.90,0.9,0.3625,0.334165,0.000909,0.467323,0.042574,False,80
uniform_0.80,0.8,0.375,0.343023,0.009768,0.495396,0.035722,False,80
uniform_0.70,0.7,0.375,0.33488,0.001625,0.527347,0.02905,False,80
uniform_0.60,0.6,0.3625,0.314718,-0.018538,0.564171,0.022671,False,80
uniform_0.50,0.5,0.35,0.2948,-0.038455,0.607221,0.016721,False,80
uniform_0.40,0.4,0.3375,0.271474,-0.061781,0.65829,0.011363,False,80
uniform_0.30,0.3,0.325,0.265592,-0.067663,0.719704,0.006785,False,80
uniform_0.20,0.2,0.3375,0.258182,-0.075073,0.794437,0.0032,False,80
uniform_0.10,0.1,0.3375,0.261635,-0.07162,0.886267,0.000848,False,80
oracle_vote_agreement,0.702037,0.375,0.33488,0.001625,0.513452,0.036427,True,80
