method,sample_id,claim_id,predicted_label,gold_label,insufficiency_score,conflict_score,correct
ds,demo-001,demo-001-c1,supported,supported,0.092481,0.040613,1
ds,demo-001,demo-001-c2,supported,supported,0.015316,0.07695,1
ds,demo-002,demo-002-c1,refuted,refuted,0.126,0.0,1
ds,demo-003,demo-003-c1,insufficient,insufficient,0.915,0.0,1
ds,demo-004,demo-004-c1,conflicting,conflicting,0.057024,0.66495,1
weighted_average,demo-001,demo-001-c1,insufficient,supported,0.463514,0.563514,0
majority_vote,demo-001,demo-001-c1,insufficient,supported,0.5,0.5,0
single_evaluator,demo-001,demo-001-c1,insufficient,supported,0.463514,0.563514,0
weighted_average,demo-001,demo-001-c2,supported,supported,0.05,0.15,1
majority_vote,demo-001,demo-001-c2,supported,supported,0.0,0.0,1
single_evaluator,demo-001,demo-001-c2,supported,supported,0.05,0.15,1
weighted_average,demo-002,demo-002-c1,refuted,refuted,0.05,0.15,1
majority_vote,demo-002,demo-002-c1,refuted,refuted,0.0,0.0,1
single_evaluator,demo-002,demo-002-c1,refuted,refuted,0.05,0.15,1
weighted_average,demo-003,demo-003-c1,insufficient,insufficient,0.9,1.0,1
majority_vote,demo-003,demo-003-c1,insufficient,insufficient,1.0,1.0,1
single_evaluator,demo-003,demo-003-c1,insufficient,insufficient,0.9,1.0,1
weighted_average,demo-004,demo-004-c1,insufficient,conflicting,0.05,0.976519,0
majority_vote,demo-004,demo-004-c1,insufficient,conflicting,0.0,1.0,0
single_evaluator,demo-004,demo-004-c1,insufficient,conflicting,0.05,0.976519,0
