setting,risk_definition,method,coverage,accuracy,n_kept
single-eval (refchecker_nli),max_signal,ds,0.5,0.4156,308
single-eval (refchecker_nli),max_signal,ds,0.52,0.4094,320
single-eval (refchecker_nli),max_signal,ds,0.54,0.4024,333
single-eval (refchecker_nli),max_signal,ds,0.56,0.4087,345
single-eval (refchecker_nli),max_signal,ds,0.58,0.409,357
single-eval (refchecker_nli),max_signal,ds,0.6,0.4,370
single-eval (refchecker_nli),max_signal,ds,0.62,0.3953,382
single-eval (refchecker_nli),max_signal,ds,0.64,0.3959,394
single-eval (refchecker_nli),max_signal,ds,0.66,0.3907,407
single-eval (refchecker_nli),max_signal,ds,0.68,0.3866,419
single-eval (refchecker_nli),max_signal,ds,0.7,0.3782,431
single-eval (refchecker_nli),max_signal,ds,0.72,0.3761,444
single-eval (refchecker_nli),max_signal,ds,0.74,0.3706,456
single-eval (refchecker_nli),max_signal,ds,0.76,0.3739,468
single-eval (refchecker_nli),max_signal,ds,0.78,0.3833,480
single-eval (refchecker_nli),max_signal,ds,0.8,0.3773,493
single-eval (refchecker_nli),max_signal,ds,0.82,0.3802,505
single-eval (refchecker_nli),max_signal,ds,0.84,0.383,517
single-eval (refchecker_nli),max_signal,ds,0.86,0.3868,530
single-eval (refchecker_nli),max_signal,ds,0.88,0.3893,542
single-eval (refchecker_nli),max_signal,ds,0.9,0.3881,554
single-eval (refchecker_nli),max_signal,ds,0.92,0.3862,567
single-eval (refchecker_nli),max_signal,ds,0.94,0.3817,579
single-eval (refchecker_nli),max_signal,ds,0.96,0.3756,591
single-eval (refchecker_nli),max_signal,ds,0.98,0.3808,604
single-eval (refchecker_nli),max_signal,ds,1.0,0.375,616
single-eval (refchecker_nli),max_signal,conflict_aware,0.5,0.3669,308
single-eval (refchecker_nli),max_signal,conflict_aware,0.52,0.3688,320
single-eval (refchecker_nli),max_signal,conflict_aware,0.54,0.3724,333
single-eval (refchecker_nli),max_signal,conflict_aware,0.56,0.3681,345
single-eval (refchecker_nli),max_signal,conflict_aware,0.58,0.3697,357
single-eval (refchecker_nli),max_signal,conflict_aware,0.6,0.3757,370
single-eval (refchecker_nli),max_signal,conflict_aware,0.62,0.377,382
single-eval (refchecker_nli),max_signal,conflict_aware,0.64,0.3756,394
single-eval (refchecker_nli),max_signal,conflict_aware,0.66,0.3735,407
single-eval (refchecker_nli),max_signal,conflict_aware,0.68,0.3747,419
single-eval (refchecker_nli),max_signal,conflict_aware,0.7,0.3666,431
single-eval (refchecker_nli),max_signal,conflict_aware,0.72,0.3716,444
single-eval (refchecker_nli),max_signal,conflict_aware,0.74,0.3794,456
single-eval (refchecker_nli),max_signal,conflict_aware,0.76,0.3782,468
single-eval (refchecker_nli),max_signal,conflict_aware,0.78,0.375,480
single-eval (refchecker_nli),max_signal,conflict_aware,0.8,0.3773,493
single-eval (refchecker_nli),max_signal,conflict_aware,0.82,0.3782,505
single-eval (refchecker_nli),max_signal,conflict_aware,0.84,0.381,517
single-eval (refchecker_nli),max_signal,conflict_aware,0.86,0.3755,530
single-eval (refchecker_nli),max_signal,conflict_aware,0.88,0.3727,542
single-eval (refchecker_nli),max_signal,conflict_aware,0.9,0.3718,554
single-eval (refchecker_nli),max_signal,conflict_aware,0.92,0.3739,567
single-eval (refchecker_nli),max_signal,conflict_aware,0.94,0.3696,579
single-eval (refchecker_nli),max_signal,conflict_aware,0.96,0.3723,591
single-eval (refchecker_nli),max_signal,conflict_aware,0.98,0.3709,604
single-eval (refchecker_nli),max_signal,conflict_aware,1.0,0.3653,616
single-eval (refchecker_nli),max_signal,weighted_average,0.5,0.3669,308
single-eval (refchecker_nli),max_signal,weighted_average,0.52,0.3625,320
single-eval (refchecker_nli),max_signal,weighted_average,0.54,0.3694,333
single-eval (refchecker_nli),max_signal,weighted_average,0.56,0.3652,345
single-eval (refchecker_nli),max_signal,weighted_average,0.58,0.3641,357
single-eval (refchecker_nli),max_signal,weighted_average,0.6,0.3676,370
single-eval (refchecker_nli),max_signal,weighted_average,0.62,0.3691,382
single-eval (refchecker_nli),max_signal,weighted_average,0.64,0.3629,394
single-eval (refchecker_nli),max_signal,weighted_average,0.66,0.3538,407
single-eval (refchecker_nli),max_signal,weighted_average,0.68,0.3556,419
single-eval (refchecker_nli),max_signal,weighted_average,0.7,0.3527,431
single-eval (refchecker_nli),max_signal,weighted_average,0.72,0.3491,444
single-eval (refchecker_nli),max_signal,weighted_average,0.74,0.3553,456
single-eval (refchecker_nli),max_signal,weighted_average,0.76,0.3568,468
single-eval (refchecker_nli),max_signal,weighted_average,0.78,0.35,480
single-eval (refchecker_nli),max_signal,weighted_average,0.8,0.355,493
single-eval (refchecker_nli),max_signal,weighted_average,0.82,0.3545,505
single-eval (refchecker_nli),max_signal,weighted_average,0.84,0.3578,517
single-eval (refchecker_nli),max_signal,weighted_average,0.86,0.3528,530
single-eval (refchecker_nli),max_signal,weighted_average,0.88,0.3487,542
single-eval (refchecker_nli),max_signal,weighted_average,0.9,0.3484,554
single-eval (refchecker_nli),max_signal,weighted_average,0.92,0.351,567
single-eval (refchecker_nli),max_signal,weighted_average,0.94,0.3472,579
single-eval (refchecker_nli),max_signal,weighted_average,0.96,0.3503,591
single-eval (refchecker_nli),max_signal,weighted_average,0.98,0.3493,604
single-eval (refchecker_nli),max_signal,weighted_average,1.0,0.3442,616
single-eval (refchecker_nli),max_signal,majority_vote,0.5,0.3669,308
single-eval (refchecker_nli),max_signal,majority_vote,0.52,0.3656,320
single-eval (refchecker_nli),max_signal,majority_vote,0.54,0.3724,333
single-eval (refchecker_nli),max_signal,majority_vote,0.56,0.3652,345
single-eval (refchecker_nli),max_signal,majority_vote,0.58,0.3669,357
single-eval (refchecker_nli),max_signal,majority_vote,0.6,0.3676,370
single-eval (refchecker_nli),max_signal,majority_vote,0.62,0.3691,382
single-eval (refchecker_nli),max_signal,majority_vote,0.64,0.3706,394
single-eval (refchecker_nli),max_signal,majority_vote,0.66,0.3636,407
single-eval (refchecker_nli),max_signal,majority_vote,0.68,0.3604,419
single-eval (refchecker_nli),max_signal,majority_vote,0.7,0.3643,431
single-eval (refchecker_nli),max_signal,majority_vote,0.72,0.3671,444
single-eval (refchecker_nli),max_signal,majority_vote,0.74,0.364,456
single-eval (refchecker_nli),max_signal,majority_vote,0.76,0.3611,468
single-eval (refchecker_nli),max_signal,majority_vote,0.78,0.3604,480
single-eval (refchecker_nli),max_signal,majority_vote,0.8,0.3611,493
single-eval (refchecker_nli),max_signal,majority_vote,0.82,0.3604,505
single-eval (refchecker_nli),max_signal,majority_vote,0.84,0.3578,517
single-eval (refchecker_nli),max_signal,majority_vote,0.86,0.3528,530
single-eval (refchecker_nli),max_signal,majority_vote,0.88,0.3542,542
single-eval (refchecker_nli),max_signal,majority_vote,0.9,0.3502,554
single-eval (refchecker_nli),max_signal,majority_vote,0.92,0.351,567
single-eval (refchecker_nli),max_signal,majority_vote,0.94,0.3506,579
single-eval (refchecker_nli),max_signal,majority_vote,0.96,0.3452,591
single-eval (refchecker_nli),max_signal,majority_vote,0.98,0.3444,604
single-eval (refchecker_nli),max_signal,majority_vote,1.0,0.3425,616
single-eval (refchecker_nli),max_signal,single_evaluator,0.5,0.3669,308
single-eval (refchecker_nli),max_signal,single_evaluator,0.52,0.3625,320
single-eval (refchecker_nli),max_signal,single_evaluator,0.54,0.3694,333
single-eval (refchecker_nli),max_signal,single_evaluator,0.56,0.3652,345
single-eval (refchecker_nli),max_signal,single_evaluator,0.58,0.3641,357
single-eval (refchecker_nli),max_signal,single_evaluator,0.6,0.3676,370
single-eval (refchecker_nli),max_signal,single_evaluator,0.62,0.3691,382
single-eval (refchecker_nli),max_signal,single_evaluator,0.64,0.3629,394
single-eval (refchecker_nli),max_signal,single_evaluator,0.66,0.3538,407
single-eval (refchecker_nli),max_signal,single_evaluator,0.68,0.3556,419
single-eval (refchecker_nli),max_signal,single_evaluator,0.7,0.3527,431
single-eval (refchecker_nli),max_signal,single_evaluator,0.72,0.3491,444
single-eval (refchecker_nli),max_signal,single_evaluator,0.74,0.3553,456
single-eval (refchecker_nli),max_signal,single_evaluator,0.76,0.3568,468
single-eval (refchecker_nli),max_signal,single_evaluator,0.78,0.35,480
single-eval (refchecker_nli),max_signal,single_evaluator,0.8,0.355,493
single-eval (refchecker_nli),max_signal,single_evaluator,0.82,0.3545,505
single-eval (refchecker_nli),max_signal,single_evaluator,0.84,0.3578,517
single-eval (refchecker_nli),max_signal,single_evaluator,0.86,0.3528,530
single-eval (refchecker_nli),max_signal,single_evaluator,0.88,0.3487,542
single-eval (refchecker_nli),max_signal,single_evaluator,0.9,0.3484,554
single-eval (refchecker_nli),max_signal,single_evaluator,0.92,0.351,567
single-eval (refchecker_nli),max_signal,single_evaluator,0.94,0.3472,579
single-eval (refchecker_nli),max_signal,single_evaluator,0.96,0.3503,591
single-eval (refchecker_nli),max_signal,single_evaluator,0.98,0.3493,604
single-eval (refchecker_nli),max_signal,single_evaluator,1.0,0.3442,616
single-eval (refchecker_nli),class_conditional,ds,0.5,0.4481,308
single-eval (refchecker_nli),class_conditional,ds,0.52,0.4406,320
single-eval (refchecker_nli),class_conditional,ds,0.54,0.4384,333
single-eval (refchecker_nli),class_conditional,ds,0.56,0.4377,345
single-eval (refchecker_nli),class_conditional,ds,0.58,0.4314,357
single-eval (refchecker_nli),class_conditional,ds,0.6,0.4243,370
single-eval (refchecker_nli),class_conditional,ds,0.62,0.4162,382
single-eval (refchecker_nli),class_conditional,ds,0.64,0.4137,394
single-eval (refchecker_nli),class_conditional,ds,0.66,0.4128,407
single-eval (refchecker_nli),class_conditional,ds,0.68,0.4129,419
single-eval (refchecker_nli),class_conditional,ds,0.7,0.4107,431
single-eval (refchecker_nli),class_conditional,ds,0.72,0.4099,444
single-eval (refchecker_nli),class_conditional,ds,0.74,0.4123,456
single-eval (refchecker_nli),class_conditional,ds,0.76,0.406,468
single-eval (refchecker_nli),class_conditional,ds,0.78,0.4042,480
single-eval (refchecker_nli),class_conditional,ds,0.8,0.3996,493
single-eval (refchecker_nli),class_conditional,ds,0.82,0.398,505
single-eval (refchecker_nli),class_conditional,ds,0.84,0.3946,517
single-eval (refchecker_nli),class_conditional,ds,0.86,0.3943,530
single-eval (refchecker_nli),class_conditional,ds,0.88,0.3893,542
single-eval (refchecker_nli),class_conditional,ds,0.9,0.3899,554
single-eval (refchecker_nli),class_conditional,ds,0.92,0.388,567
single-eval (refchecker_nli),class_conditional,ds,0.94,0.3869,579
single-eval (refchecker_nli),class_conditional,ds,0.96,0.3824,591
single-eval (refchecker_nli),class_conditional,ds,0.98,0.3808,604
single-eval (refchecker_nli),class_conditional,ds,1.0,0.375,616
single-eval (refchecker_nli),class_conditional,conflict_aware,0.5,0.3896,308
single-eval (refchecker_nli),class_conditional,conflict_aware,0.52,0.3875,320
single-eval (refchecker_nli),class_conditional,conflict_aware,0.54,0.3874,333
single-eval (refchecker_nli),class_conditional,conflict_aware,0.56,0.3797,345
single-eval (refchecker_nli),class_conditional,conflict_aware,0.58,0.3782,357
single-eval (refchecker_nli),class_conditional,conflict_aware,0.6,0.3757,370
single-eval (refchecker_nli),class_conditional,conflict_aware,0.62,0.3743,382
single-eval (refchecker_nli),class_conditional,conflict_aware,0.64,0.368,394
single-eval (refchecker_nli),class_conditional,conflict_aware,0.66,0.3661,407
single-eval (refchecker_nli),class_conditional,conflict_aware,0.68,0.3652,419
single-eval (refchecker_nli),class_conditional,conflict_aware,0.7,0.3666,431
single-eval (refchecker_nli),class_conditional,conflict_aware,0.72,0.3671,444
single-eval (refchecker_nli),class_conditional,conflict_aware,0.74,0.3662,456
single-eval (refchecker_nli),class_conditional,conflict_aware,0.76,0.3718,468
single-eval (refchecker_nli),class_conditional,conflict_aware,0.78,0.3729,480
single-eval (refchecker_nli),class_conditional,conflict_aware,0.8,0.3712,493
single-eval (refchecker_nli),class_conditional,conflict_aware,0.82,0.3703,505
single-eval (refchecker_nli),class_conditional,conflict_aware,0.84,0.3694,517
single-eval (refchecker_nli),class_conditional,conflict_aware,0.86,0.3698,530
single-eval (refchecker_nli),class_conditional,conflict_aware,0.88,0.3635,542
single-eval (refchecker_nli),class_conditional,conflict_aware,0.9,0.3628,554
single-eval (refchecker_nli),class_conditional,conflict_aware,0.92,0.3668,567
single-eval (refchecker_nli),class_conditional,conflict_aware,0.94,0.3644,579
single-eval (refchecker_nli),class_conditional,conflict_aware,0.96,0.3655,591
single-eval (refchecker_nli),class_conditional,conflict_aware,0.98,0.3642,604
single-eval (refchecker_nli),class_conditional,conflict_aware,1.0,0.3653,616
single-eval (refchecker_nli),class_conditional,weighted_average,0.5,0.3766,308
single-eval (refchecker_nli),class_conditional,weighted_average,0.52,0.3781,320
single-eval (refchecker_nli),class_conditional,weighted_average,0.54,0.3694,333
single-eval (refchecker_nli),class_conditional,weighted_average,0.56,0.3594,345
single-eval (refchecker_nli),class_conditional,weighted_average,0.58,0.3557,357
single-eval (refchecker_nli),class_conditional,weighted_average,0.6,0.3568,370
single-eval (refchecker_nli),class_conditional,weighted_average,0.62,0.3482,382
single-eval (refchecker_nli),class_conditional,weighted_average,0.64,0.3477,394
single-eval (refchecker_nli),class_conditional,weighted_average,0.66,0.3489,407
single-eval (refchecker_nli),class_conditional,weighted_average,0.68,0.3508,419
single-eval (refchecker_nli),class_conditional,weighted_average,0.7,0.348,431
single-eval (refchecker_nli),class_conditional,weighted_average,0.72,0.3468,444
single-eval (refchecker_nli),class_conditional,weighted_average,0.74,0.3465,456
single-eval (refchecker_nli),class_conditional,weighted_average,0.76,0.3462,468
single-eval (refchecker_nli),class_conditional,weighted_average,0.78,0.3479,480
single-eval (refchecker_nli),class_conditional,weighted_average,0.8,0.3448,493
single-eval (refchecker_nli),class_conditional,weighted_average,0.82,0.3485,505
single-eval (refchecker_nli),class_conditional,weighted_average,0.84,0.354,517
single-eval (refchecker_nli),class_conditional,weighted_average,0.86,0.3566,530
single-eval (refchecker_nli),class_conditional,weighted_average,0.88,0.3542,542
single-eval (refchecker_nli),class_conditional,weighted_average,0.9,0.3538,554
single-eval (refchecker_nli),class_conditional,weighted_average,0.92,0.351,567
single-eval (refchecker_nli),class_conditional,weighted_average,0.94,0.3541,579
single-eval (refchecker_nli),class_conditional,weighted_average,0.96,0.3486,591
single-eval (refchecker_nli),class_conditional,weighted_average,0.98,0.3477,604
single-eval (refchecker_nli),class_conditional,weighted_average,1.0,0.3442,616
single-eval (refchecker_nli),class_conditional,majority_vote,0.5,0.3896,308
single-eval (refchecker_nli),class_conditional,majority_vote,0.52,0.3781,320
single-eval (refchecker_nli),class_conditional,majority_vote,0.54,0.3754,333
single-eval (refchecker_nli),class_conditional,majority_vote,0.56,0.3739,345
single-eval (refchecker_nli),class_conditional,majority_vote,0.58,0.3725,357
single-eval (refchecker_nli),class_conditional,majority_vote,0.6,0.3757,370
single-eval (refchecker_nli),class_conditional,majority_vote,0.62,0.3796,382
single-eval (refchecker_nli),class_conditional,majority_vote,0.64,0.3706,394
single-eval (refchecker_nli),class_conditional,majority_vote,0.66,0.3686,407
single-eval (refchecker_nli),class_conditional,majority_vote,0.68,0.358,419
single-eval (refchecker_nli),class_conditional,majority_vote,0.7,0.3666,431
single-eval (refchecker_nli),class_conditional,majority_vote,0.72,0.3604,444
single-eval (refchecker_nli),class_conditional,majority_vote,0.74,0.3618,456
single-eval (refchecker_nli),class_conditional,majority_vote,0.76,0.359,468
single-eval (refchecker_nli),class_conditional,majority_vote,0.78,0.3563,480
single-eval (refchecker_nli),class_conditional,majority_vote,0.8,0.355,493
single-eval (refchecker_nli),class_conditional,majority_vote,0.82,0.3485,505
single-eval (refchecker_nli),class_conditional,majority_vote,0.84,0.3482,517
single-eval (refchecker_nli),class_conditional,majority_vote,0.86,0.3491,530
single-eval (refchecker_nli),class_conditional,majority_vote,0.88,0.345,542
single-eval (refchecker_nli),class_conditional,majority_vote,0.9,0.3484,554
single-eval (refchecker_nli),class_conditional,majority_vote,0.92,0.3439,567
single-eval (refchecker_nli),class_conditional,majority_vote,0.94,0.342,579
single-eval (refchecker_nli),class_conditional,majority_vote,0.96,0.3418,591
single-eval (refchecker_nli),class_conditional,majority_vote,0.98,0.3444,604
single-eval (refchecker_nli),class_conditional,majority_vote,1.0,0.3425,616
single-eval (refchecker_nli),class_conditional,single_evaluator,0.5,0.3766,308
single-eval (refchecker_nli),class_conditional,single_evaluator,0.52,0.3781,320
single-eval (refchecker_nli),class_conditional,single_evaluator,0.54,0.3694,333
single-eval (refchecker_nli),class_conditional,single_evaluator,0.56,0.3594,345
single-eval (refchecker_nli),class_conditional,single_evaluator,0.58,0.3557,357
single-eval (refchecker_nli),class_conditional,single_evaluator,0.6,0.3568,370
single-eval (refchecker_nli),class_conditional,single_evaluator,0.62,0.3482,382
single-eval (refchecker_nli),class_conditional,single_evaluator,0.64,0.3477,394
single-eval (refchecker_nli),class_conditional,single_evaluator,0.66,0.3489,407
single-eval (refchecker_nli),class_conditional,single_evaluator,0.68,0.3508,419
single-eval (refchecker_nli),class_conditional,single_evaluator,0.7,0.348,431
single-eval (refchecker_nli),class_conditional,single_evaluator,0.72,0.3468,444
single-eval (refchecker_nli),class_conditional,single_evaluator,0.74,0.3465,456
single-eval (refchecker_nli),class_conditional,single_evaluator,0.76,0.3462,468
single-eval (refchecker_nli),class_conditional,single_evaluator,0.78,0.3479,480
single-eval (refchecker_nli),class_conditional,single_evaluator,0.8,0.3448,493
single-eval (refchecker_nli),class_conditional,single_evaluator,0.82,0.3485,505
single-eval (refchecker_nli),class_conditional,single_evaluator,0.84,0.354,517
single-eval (refchecker_nli),class_conditional,single_evaluator,0.86,0.3566,530
single-eval (refchecker_nli),class_conditional,single_evaluator,0.88,0.3542,542
single-eval (refchecker_nli),class_conditional,single_evaluator,0.9,0.3538,554
single-eval (refchecker_nli),class_conditional,single_evaluator,0.92,0.351,567
single-eval (refchecker_nli),class_conditional,single_evaluator,0.94,0.3541,579
single-eval (refchecker_nli),class_conditional,single_evaluator,0.96,0.3486,591
single-eval (refchecker_nli),class_conditional,single_evaluator,0.98,0.3477,604
single-eval (refchecker_nli),class_conditional,single_evaluator,1.0,0.3442,616
two-eval (+deberta),max_signal,ds,0.5,0.3831,308
two-eval (+deberta),max_signal,ds,0.52,0.3844,320
two-eval (+deberta),max_signal,ds,0.54,0.3784,333
two-eval (+deberta),max_signal,ds,0.56,0.371,345
two-eval (+deberta),max_signal,ds,0.58,0.3669,357
two-eval (+deberta),max_signal,ds,0.6,0.3784,370
two-eval (+deberta),max_signal,ds,0.62,0.3743,382
two-eval (+deberta),max_signal,ds,0.64,0.3731,394
two-eval (+deberta),max_signal,ds,0.66,0.3661,407
two-eval (+deberta),max_signal,ds,0.68,0.3604,419
two-eval (+deberta),max_signal,ds,0.7,0.3573,431
two-eval (+deberta),max_signal,ds,0.72,0.3536,444
two-eval (+deberta),max_signal,ds,0.74,0.3553,456
two-eval (+deberta),max_signal,ds,0.76,0.3526,468
two-eval (+deberta),max_signal,ds,0.78,0.35,480
two-eval (+deberta),max_signal,ds,0.8,0.3529,493
two-eval (+deberta),max_signal,ds,0.82,0.3525,505
two-eval (+deberta),max_signal,ds,0.84,0.3578,517
two-eval (+deberta),max_signal,ds,0.86,0.3528,530
two-eval (+deberta),max_signal,ds,0.88,0.3524,542
two-eval (+deberta),max_signal,ds,0.9,0.3484,554
two-eval (+deberta),max_signal,ds,0.92,0.3545,567
two-eval (+deberta),max_signal,ds,0.94,0.3506,579
two-eval (+deberta),max_signal,ds,0.96,0.3536,591
two-eval (+deberta),max_signal,ds,0.98,0.351,604
two-eval (+deberta),max_signal,ds,1.0,0.3523,616
two-eval (+deberta),max_signal,conflict_aware,0.5,0.3896,308
two-eval (+deberta),max_signal,conflict_aware,0.52,0.3812,320
two-eval (+deberta),max_signal,conflict_aware,0.54,0.3814,333
two-eval (+deberta),max_signal,conflict_aware,0.56,0.3797,345
two-eval (+deberta),max_signal,conflict_aware,0.58,0.3725,357
two-eval (+deberta),max_signal,conflict_aware,0.6,0.373,370
two-eval (+deberta),max_signal,conflict_aware,0.62,0.3639,382
two-eval (+deberta),max_signal,conflict_aware,0.64,0.3629,394
two-eval (+deberta),max_signal,conflict_aware,0.66,0.3686,407
two-eval (+deberta),max_signal,conflict_aware,0.68,0.3699,419
two-eval (+deberta),max_signal,conflict_aware,0.7,0.3643,431
two-eval (+deberta),max_signal,conflict_aware,0.72,0.3581,444
two-eval (+deberta),max_signal,conflict_aware,0.74,0.3553,456
two-eval (+deberta),max_signal,conflict_aware,0.76,0.3526,468
two-eval (+deberta),max_signal,conflict_aware,0.78,0.3479,480
two-eval (+deberta),max_signal,conflict_aware,0.8,0.3469,493
two-eval (+deberta),max_signal,conflict_aware,0.82,0.3426,505
two-eval (+deberta),max_signal,conflict_aware,0.84,0.3443,517
two-eval (+deberta),max_signal,conflict_aware,0.86,0.3415,530
two-eval (+deberta),max_signal,conflict_aware,0.88,0.3413,542
two-eval (+deberta),max_signal,conflict_aware,0.9,0.3448,554
two-eval (+deberta),max_signal,conflict_aware,0.92,0.3404,567
two-eval (+deberta),max_signal,conflict_aware,0.94,0.3385,579
two-eval (+deberta),max_signal,conflict_aware,0.96,0.3367,591
two-eval (+deberta),max_signal,conflict_aware,0.98,0.3328,604
two-eval (+deberta),max_signal,conflict_aware,1.0,0.3312,616
two-eval (+deberta),max_signal,weighted_average,0.5,0.3896,308
two-eval (+deberta),max_signal,weighted_average,0.52,0.3812,320
two-eval (+deberta),max_signal,weighted_average,0.54,0.3814,333
two-eval (+deberta),max_signal,weighted_average,0.56,0.3797,345
two-eval (+deberta),max_signal,weighted_average,0.58,0.3697,357
two-eval (+deberta),max_signal,weighted_average,0.6,0.3703,370
two-eval (+deberta),max_signal,weighted_average,0.62,0.3665,382
two-eval (+deberta),max_signal,weighted_average,0.64,0.3706,394
two-eval (+deberta),max_signal,weighted_average,0.66,0.3759,407
two-eval (+deberta),max_signal,weighted_average,0.68,0.3723,419
two-eval (+deberta),max_signal,weighted_average,0.7,0.3666,431
two-eval (+deberta),max_signal,weighted_average,0.72,0.3626,444
two-eval (+deberta),max_signal,weighted_average,0.74,0.3618,456
two-eval (+deberta),max_signal,weighted_average,0.76,0.359,468
two-eval (+deberta),max_signal,weighted_average,0.78,0.3604,480
two-eval (+deberta),max_signal,weighted_average,0.8,0.357,493
two-eval (+deberta),max_signal,weighted_average,0.82,0.3584,505
two-eval (+deberta),max_signal,weighted_average,0.84,0.3598,517
two-eval (+deberta),max_signal,weighted_average,0.86,0.3604,530
two-eval (+deberta),max_signal,weighted_average,0.88,0.3561,542
two-eval (+deberta),max_signal,weighted_average,0.9,0.3592,554
two-eval (+deberta),max_signal,weighted_average,0.92,0.3545,567
two-eval (+deberta),max_signal,weighted_average,0.94,0.3541,579
two-eval (+deberta),max_signal,weighted_average,0.96,0.3519,591
two-eval (+deberta),max_signal,weighted_average,0.98,0.3493,604
two-eval (+deberta),max_signal,weighted_average,1.0,0.3474,616
two-eval (+deberta),max_signal,majority_vote,0.5,0.3669,308
two-eval (+deberta),max_signal,majority_vote,0.52,0.3719,320
two-eval (+deberta),max_signal,majority_vote,0.54,0.3664,333
two-eval (+deberta),max_signal,majority_vote,0.56,0.3681,345
two-eval (+deberta),max_signal,majority_vote,0.58,0.3613,357
two-eval (+deberta),max_signal,majority_vote,0.6,0.3595,370
two-eval (+deberta),max_signal,majority_vote,0.62,0.3613,382
two-eval (+deberta),max_signal,majority_vote,0.64,0.3604,394
two-eval (+deberta),max_signal,majority_vote,0.66,0.3636,407
two-eval (+deberta),max_signal,majority_vote,0.68,0.3604,419
two-eval (+deberta),max_signal,majority_vote,0.7,0.3596,431
two-eval (+deberta),max_signal,majority_vote,0.72,0.3581,444
two-eval (+deberta),max_signal,majority_vote,0.74,0.3575,456
two-eval (+deberta),max_signal,majority_vote,0.76,0.3547,468
two-eval (+deberta),max_signal,majority_vote,0.78,0.3521,480
two-eval (+deberta),max_signal,majority_vote,0.8,0.357,493
two-eval (+deberta),max_signal,majority_vote,0.82,0.3525,505
two-eval (+deberta),max_signal,majority_vote,0.84,0.3482,517
two-eval (+deberta),max_signal,majority_vote,0.86,0.3491,530
two-eval (+deberta),max_signal,majority_vote,0.88,0.3506,542
two-eval (+deberta),max_signal,majority_vote,0.9,0.3466,554
two-eval (+deberta),max_signal,majority_vote,0.92,0.3457,567
two-eval (+deberta),max_signal,majority_vote,0.94,0.342,579
two-eval (+deberta),max_signal,majority_vote,0.96,0.3418,591
two-eval (+deberta),max_signal,majority_vote,0.98,0.3411,604
two-eval (+deberta),max_signal,majority_vote,1.0,0.3377,616
two-eval (+deberta),max_signal,single_evaluator,0.5,0.3669,308
two-eval (+deberta),max_signal,single_evaluator,0.52,0.3625,320
two-eval (+deberta),max_signal,single_evaluator,0.54,0.3694,333
two-eval (+deberta),max_signal,single_evaluator,0.56,0.3652,345
two-eval (+deberta),max_signal,single_evaluator,0.58,0.3641,357
two-eval (+deberta),max_signal,single_evaluator,0.6,0.3676,370
two-eval (+deberta),max_signal,single_evaluator,0.62,0.3691,382
two-eval (+deberta),max_signal,single_evaluator,0.64,0.3629,394
two-eval (+deberta),max_signal,single_evaluator,0.66,0.3538,407
two-eval (+deberta),max_signal,single_evaluator,0.68,0.3556,419
two-eval (+deberta),max_signal,single_evaluator,0.7,0.3527,431
two-eval (+deberta),max_signal,single_evaluator,0.72,0.3491,444
two-eval (+deberta),max_signal,single_evaluator,0.74,0.3553,456
two-eval (+deberta),max_signal,single_evaluator,0.76,0.3568,468
two-eval (+deberta),max_signal,single_evaluator,0.78,0.35,480
two-eval (+deberta),max_signal,single_evaluator,0.8,0.355,493
two-eval (+deberta),max_signal,single_evaluator,0.82,0.3545,505
two-eval (+deberta),max_signal,single_evaluator,0.84,0.3578,517
two-eval (+deberta),max_signal,single_evaluator,0.86,0.3528,530
two-eval (+deberta),max_signal,single_evaluator,0.88,0.3487,542
two-eval (+deberta),max_signal,single_evaluator,0.9,0.3484,554
two-eval (+deberta),max_signal,single_evaluator,0.92,0.351,567
two-eval (+deberta),max_signal,single_evaluator,0.94,0.3472,579
two-eval (+deberta),max_signal,single_evaluator,0.96,0.3503,591
two-eval (+deberta),max_signal,single_evaluator,0.98,0.3493,604
two-eval (+deberta),max_signal,single_evaluator,1.0,0.3442,616
two-eval (+deberta),class_conditional,ds,0.5,0.4091,308
two-eval (+deberta),class_conditional,ds,0.52,0.4031,320
two-eval (+deberta),class_conditional,ds,0.54,0.3964,333
two-eval (+deberta),class_conditional,ds,0.56,0.4,345
two-eval (+deberta),class_conditional,ds,0.58,0.4006,357
two-eval (+deberta),class_conditional,ds,0.6,0.3946,370
two-eval (+deberta),class_conditional,ds,0.62,0.3901,382
two-eval (+deberta),class_conditional,ds,0.64,0.3934,394
two-eval (+deberta),class_conditional,ds,0.66,0.3956,407
two-eval (+deberta),class_conditional,ds,0.68,0.3914,419
two-eval (+deberta),class_conditional,ds,0.7,0.3875,431
two-eval (+deberta),class_conditional,ds,0.72,0.3874,444
two-eval (+deberta),class_conditional,ds,0.74,0.3816,456
two-eval (+deberta),class_conditional,ds,0.76,0.3782,468
two-eval (+deberta),class_conditional,ds,0.78,0.3708,480
two-eval (+deberta),class_conditional,ds,0.8,0.3671,493
two-eval (+deberta),class_conditional,ds,0.82,0.3703,505
two-eval (+deberta),class_conditional,ds,0.84,0.3714,517
two-eval (+deberta),class_conditional,ds,0.86,0.3698,530
two-eval (+deberta),class_conditional,ds,0.88,0.3653,542
two-eval (+deberta),class_conditional,ds,0.9,0.3682,554
two-eval (+deberta),class_conditional,ds,0.92,0.3633,567
two-eval (+deberta),class_conditional,ds,0.94,0.3644,579
two-eval (+deberta),class_conditional,ds,0.96,0.3621,591
two-eval (+deberta),class_conditional,ds,0.98,0.3593,604
two-eval (+deberta),class_conditional,ds,1.0,0.3523,616
two-eval (+deberta),class_conditional,conflict_aware,0.5,0.3669,308
two-eval (+deberta),class_conditional,conflict_aware,0.52,0.3594,320
two-eval (+deberta),class_conditional,conflict_aware,0.54,0.3634,333
two-eval (+deberta),class_conditional,conflict_aware,0.56,0.3652,345
two-eval (+deberta),class_conditional,conflict_aware,0.58,0.3641,357
two-eval (+deberta),class_conditional,conflict_aware,0.6,0.3649,370
two-eval (+deberta),class_conditional,conflict_aware,0.62,0.3639,382
two-eval (+deberta),class_conditional,conflict_aware,0.64,0.3579,394
two-eval (+deberta),class_conditional,conflict_aware,0.66,0.3587,407
two-eval (+deberta),class_conditional,conflict_aware,0.68,0.3556,419
two-eval (+deberta),class_conditional,conflict_aware,0.7,0.3527,431
two-eval (+deberta),class_conditional,conflict_aware,0.72,0.3626,444
two-eval (+deberta),class_conditional,conflict_aware,0.74,0.3618,456
two-eval (+deberta),class_conditional,conflict_aware,0.76,0.359,468
two-eval (+deberta),class_conditional,conflict_aware,0.78,0.3563,480
two-eval (+deberta),class_conditional,conflict_aware,0.8,0.357,493
two-eval (+deberta),class_conditional,conflict_aware,0.82,0.3564,505
two-eval (+deberta),class_conditional,conflict_aware,0.84,0.354,517
two-eval (+deberta),class_conditional,conflict_aware,0.86,0.3547,530
two-eval (+deberta),class_conditional,conflict_aware,0.88,0.3542,542
two-eval (+deberta),class_conditional,conflict_aware,0.9,0.352,554
two-eval (+deberta),class_conditional,conflict_aware,0.92,0.3474,567
two-eval (+deberta),class_conditional,conflict_aware,0.94,0.3472,579
two-eval (+deberta),class_conditional,conflict_aware,0.96,0.3435,591
two-eval (+deberta),class_conditional,conflict_aware,0.98,0.3361,604
two-eval (+deberta),class_conditional,conflict_aware,1.0,0.3312,616
two-eval (+deberta),class_conditional,weighted_average,0.5,0.3669,308
two-eval (+deberta),class_conditional,weighted_average,0.52,0.3781,320
two-eval (+deberta),class_conditional,weighted_average,0.54,0.3694,333
two-eval (+deberta),class_conditional,weighted_average,0.56,0.3681,345
two-eval (+deberta),class_conditional,weighted_average,0.58,0.3669,357
two-eval (+deberta),class_conditional,weighted_average,0.6,0.3649,370
two-eval (+deberta),class_conditional,weighted_average,0.62,0.3639,382
two-eval (+deberta),class_conditional,weighted_average,0.64,0.3579,394
two-eval (+deberta),class_conditional,weighted_average,0.66,0.3563,407
two-eval (+deberta),class_conditional,weighted_average,0.68,0.358,419
two-eval (+deberta),class_conditional,weighted_average,0.7,0.3573,431
two-eval (+deberta),class_conditional,weighted_average,0.72,0.3559,444
two-eval (+deberta),class_conditional,weighted_average,0.74,0.3575,456
two-eval (+deberta),class_conditional,weighted_average,0.76,0.359,468
two-eval (+deberta),class_conditional,weighted_average,0.78,0.3542,480
two-eval (+deberta),class_conditional,weighted_average,0.8,0.3529,493
two-eval (+deberta),class_conditional,weighted_average,0.82,0.3505,505
two-eval (+deberta),class_conditional,weighted_average,0.84,0.3482,517
two-eval (+deberta),class_conditional,weighted_average,0.86,0.3528,530
two-eval (+deberta),class_conditional,weighted_average,0.88,0.3542,542
two-eval (+deberta),class_conditional,weighted_average,0.9,0.3556,554
two-eval (+deberta),class_conditional,weighted_average,0.92,0.3545,567
two-eval (+deberta),class_conditional,weighted_average,0.94,0.3523,579
two-eval (+deberta),class_conditional,weighted_average,0.96,0.3519,591
two-eval (+deberta),class_conditional,weighted_average,0.98,0.351,604
two-eval (+deberta),class_conditional,weighted_average,1.0,0.3474,616
two-eval (+deberta),class_conditional,majority_vote,0.5,0.3799,308
two-eval (+deberta),class_conditional,majority_vote,0.52,0.375,320
two-eval (+deberta),class_conditional,majority_vote,0.54,0.3754,333
two-eval (+deberta),class_conditional,majority_vote,0.56,0.371,345
two-eval (+deberta),class_conditional,majority_vote,0.58,0.3782,357
two-eval (+deberta),class_conditional,majority_vote,0.6,0.3784,370
two-eval (+deberta),class_conditional,majority_vote,0.62,0.377,382
two-eval (+deberta),class_conditional,majority_vote,0.64,0.368,394
two-eval (+deberta),class_conditional,majority_vote,0.66,0.3661,407
two-eval (+deberta),class_conditional,majority_vote,0.68,0.3628,419
two-eval (+deberta),class_conditional,majority_vote,0.7,0.3573,431
two-eval (+deberta),class_conditional,majority_vote,0.72,0.3581,444
two-eval (+deberta),class_conditional,majority_vote,0.74,0.3509,456
two-eval (+deberta),class_conditional,majority_vote,0.76,0.3483,468
two-eval (+deberta),class_conditional,majority_vote,0.78,0.3479,480
two-eval (+deberta),class_conditional,majority_vote,0.8,0.3529,493
two-eval (+deberta),class_conditional,majority_vote,0.82,0.3564,505
two-eval (+deberta),class_conditional,majority_vote,0.84,0.352,517
two-eval (+deberta),class_conditional,majority_vote,0.86,0.3528,530
two-eval (+deberta),class_conditional,majority_vote,0.88,0.3506,542
two-eval (+deberta),class_conditional,majority_vote,0.9,0.3502,554
two-eval (+deberta),class_conditional,majority_vote,0.92,0.3474,567
two-eval (+deberta),class_conditional,majority_vote,0.94,0.3454,579
two-eval (+deberta),class_conditional,majority_vote,0.96,0.3435,591
two-eval (+deberta),class_conditional,majority_vote,0.98,0.3411,604
two-eval (+deberta),class_conditional,majority_vote,1.0,0.3377,616
two-eval (+deberta),class_conditional,single_evaluator,0.5,0.3766,308
two-eval (+deberta),class_conditional,single_evaluator,0.52,0.3781,320
two-eval (+deberta),class_conditional,single_evaluator,0.54,0.3694,333
two-eval (+deberta),class_conditional,single_evaluator,0.56,0.3594,345
two-eval (+deberta),class_conditional,single_evaluator,0.58,0.3557,357
two-eval (+deberta),class_conditional,single_evaluator,0.6,0.3568,370
two-eval (+deberta),class_conditional,single_evaluator,0.62,0.3482,382
two-eval (+deberta),class_conditional,single_evaluator,0.64,0.3477,394
two-eval (+deberta),class_conditional,single_evaluator,0.66,0.3489,407
two-eval (+deberta),class_conditional,single_evaluator,0.68,0.3508,419
two-eval (+deberta),class_conditional,single_evaluator,0.7,0.348,431
two-eval (+deberta),class_conditional,single_evaluator,0.72,0.3468,444
two-eval (+deberta),class_conditional,single_evaluator,0.74,0.3465,456
two-eval (+deberta),class_conditional,single_evaluator,0.76,0.3462,468
two-eval (+deberta),class_conditional,single_evaluator,0.78,0.3479,480
two-eval (+deberta),class_conditional,single_evaluator,0.8,0.3448,493
two-eval (+deberta),class_conditional,single_evaluator,0.82,0.3485,505
two-eval (+deberta),class_conditional,single_evaluator,0.84,0.354,517
two-eval (+deberta),class_conditional,single_evaluator,0.86,0.3566,530
two-eval (+deberta),class_conditional,single_evaluator,0.88,0.3542,542
two-eval (+deberta),class_conditional,single_evaluator,0.9,0.3538,554
two-eval (+deberta),class_conditional,single_evaluator,0.92,0.351,567
two-eval (+deberta),class_conditional,single_evaluator,0.94,0.3541,579
two-eval (+deberta),class_conditional,single_evaluator,0.96,0.3486,591
two-eval (+deberta),class_conditional,single_evaluator,0.98,0.3477,604
two-eval (+deberta),class_conditional,single_evaluator,1.0,0.3442,616
