fold_seed,reference,rival,reference_macro_f1,rival_macro_f1,delta,ci_low,ci_high,p_value,significant
42,ds,weighted_average,0.353516,0.25124,0.102276,0.058676,0.144156,0.0,True
42,ds,majority_vote,0.353516,0.249599,0.103917,0.059963,0.14622,0.0,True
42,ds,single_evaluator,0.353516,0.25124,0.102276,0.058676,0.144156,0.0,True
42,ds,conflict_aware,0.353516,0.307394,0.046121,0.000655,0.090602,0.048,True
1,ds,weighted_average,0.354614,0.25124,0.103374,0.061134,0.144261,0.0,True
1,ds,majority_vote,0.354614,0.249599,0.105015,0.06266,0.146376,0.0,True
1,ds,single_evaluator,0.354614,0.25124,0.103374,0.061134,0.144261,0.0,True
1,ds,conflict_aware,0.354614,0.307394,0.04722,0.002664,0.091354,0.0356,True
2,ds,weighted_average,0.370787,0.250503,0.120284,0.07482,0.161884,0.0,True
2,ds,majority_vote,0.370787,0.249599,0.121187,0.075747,0.162579,0.0,True
2,ds,single_evaluator,0.370787,0.250503,0.120284,0.07482,0.161884,0.0,True
2,ds,conflict_aware,0.370787,0.307042,0.063745,0.017359,0.108472,0.0128,True
3,ds,weighted_average,0.358223,0.25124,0.106983,0.063775,0.147535,0.0,True
3,ds,majority_vote,0.358223,0.249599,0.108623,0.065425,0.148934,0.0,True
3,ds,single_evaluator,0.358223,0.25124,0.106983,0.063775,0.147535,0.0,True
3,ds,conflict_aware,0.358223,0.302557,0.055665,0.01187,0.101001,0.0172,True
4,ds,weighted_average,0.355732,0.25124,0.104492,0.060527,0.146315,0.0,True
4,ds,majority_vote,0.355732,0.249599,0.106132,0.061743,0.148195,0.0,True
4,ds,single_evaluator,0.355732,0.25124,0.104492,0.060527,0.146315,0.0,True
4,ds,conflict_aware,0.355732,0.307394,0.048337,0.003599,0.093152,0.0336,True
